--
-- PostgreSQL database dump
--

-- Dumped from database version 10.5
-- Dumped by pg_dump version 10.5

SET statement_timeout = 0;
SET lock_timeout = 0;
SET idle_in_transaction_session_timeout = 0;
SET client_encoding = 'UTF8';
SET standard_conforming_strings = on;
SELECT pg_catalog.set_config('search_path', '', false);
SET check_function_bodies = false;
SET client_min_messages = warning;
SET row_security = off;

--
-- Name: plpgsql; Type: EXTENSION; Schema: -; Owner: 
--

CREATE EXTENSION IF NOT EXISTS plpgsql WITH SCHEMA pg_catalog;


--
-- Name: EXTENSION plpgsql; Type: COMMENT; Schema: -; Owner: 
--

COMMENT ON EXTENSION plpgsql IS 'PL/pgSQL procedural language';


SET default_tablespace = '';

SET default_with_oids = false;

--
-- Name: ar_internal_metadata; Type: TABLE; Schema: public; Owner: Guest
--

CREATE TABLE public.ar_internal_metadata (
    key character varying NOT NULL,
    value character varying,
    created_at timestamp without time zone NOT NULL,
    updated_at timestamp without time zone NOT NULL
);


ALTER TABLE public.ar_internal_metadata OWNER TO "Guest";

--
-- Name: divisions; Type: TABLE; Schema: public; Owner: Guest
--

CREATE TABLE public.divisions (
    id bigint NOT NULL,
    name character varying,
    created_at timestamp without time zone NOT NULL,
    updated_at timestamp without time zone NOT NULL
);


ALTER TABLE public.divisions OWNER TO "Guest";

--
-- Name: divisions_id_seq; Type: SEQUENCE; Schema: public; Owner: Guest
--

CREATE SEQUENCE public.divisions_id_seq
    START WITH 1
    INCREMENT BY 1
    NO MINVALUE
    NO MAXVALUE
    CACHE 1;


ALTER TABLE public.divisions_id_seq OWNER TO "Guest";

--
-- Name: divisions_id_seq; Type: SEQUENCE OWNED BY; Schema: public; Owner: Guest
--

ALTER SEQUENCE public.divisions_id_seq OWNED BY public.divisions.id;


--
-- Name: employee_projects; Type: TABLE; Schema: public; Owner: Guest
--

CREATE TABLE public.employee_projects (
    id bigint NOT NULL,
    employee_id bigint,
    project_id bigint,
    created_at timestamp without time zone NOT NULL,
    updated_at timestamp without time zone NOT NULL
);


ALTER TABLE public.employee_projects OWNER TO "Guest";

--
-- Name: employee_projects_id_seq; Type: SEQUENCE; Schema: public; Owner: Guest
--

CREATE SEQUENCE public.employee_projects_id_seq
    START WITH 1
    INCREMENT BY 1
    NO MINVALUE
    NO MAXVALUE
    CACHE 1;


ALTER TABLE public.employee_projects_id_seq OWNER TO "Guest";

--
-- Name: employee_projects_id_seq; Type: SEQUENCE OWNED BY; Schema: public; Owner: Guest
--

ALTER SEQUENCE public.employee_projects_id_seq OWNED BY public.employee_projects.id;


--
-- Name: employees; Type: TABLE; Schema: public; Owner: Guest
--

CREATE TABLE public.employees (
    id bigint NOT NULL,
    name character varying,
    division_id integer,
    created_at timestamp without time zone NOT NULL,
    updated_at timestamp without time zone NOT NULL
);


ALTER TABLE public.employees OWNER TO "Guest";

--
-- Name: employees_id_seq; Type: SEQUENCE; Schema: public; Owner: Guest
--

CREATE SEQUENCE public.employees_id_seq
    START WITH 1
    INCREMENT BY 1
    NO MINVALUE
    NO MAXVALUE
    CACHE 1;


ALTER TABLE public.employees_id_seq OWNER TO "Guest";

--
-- Name: employees_id_seq; Type: SEQUENCE OWNED BY; Schema: public; Owner: Guest
--

ALTER SEQUENCE public.employees_id_seq OWNED BY public.employees.id;


--
-- Name: projects; Type: TABLE; Schema: public; Owner: Guest
--

CREATE TABLE public.projects (
    id bigint NOT NULL,
    name character varying,
    created_at timestamp without time zone NOT NULL,
    updated_at timestamp without time zone NOT NULL
);


ALTER TABLE public.projects OWNER TO "Guest";

--
-- Name: projects_id_seq; Type: SEQUENCE; Schema: public; Owner: Guest
--

CREATE SEQUENCE public.projects_id_seq
    START WITH 1
    INCREMENT BY 1
    NO MINVALUE
    NO MAXVALUE
    CACHE 1;


ALTER TABLE public.projects_id_seq OWNER TO "Guest";

--
-- Name: projects_id_seq; Type: SEQUENCE OWNED BY; Schema: public; Owner: Guest
--

ALTER SEQUENCE public.projects_id_seq OWNED BY public.projects.id;


--
-- Name: schema_migrations; Type: TABLE; Schema: public; Owner: Guest
--

CREATE TABLE public.schema_migrations (
    version character varying NOT NULL
);


ALTER TABLE public.schema_migrations OWNER TO "Guest";

--
-- Name: divisions id; Type: DEFAULT; Schema: public; Owner: Guest
--

ALTER TABLE ONLY public.divisions ALTER COLUMN id SET DEFAULT nextval('public.divisions_id_seq'::regclass);


--
-- Name: employee_projects id; Type: DEFAULT; Schema: public; Owner: Guest
--

ALTER TABLE ONLY public.employee_projects ALTER COLUMN id SET DEFAULT nextval('public.employee_projects_id_seq'::regclass);


--
-- Name: employees id; Type: DEFAULT; Schema: public; Owner: Guest
--

ALTER TABLE ONLY public.employees ALTER COLUMN id SET DEFAULT nextval('public.employees_id_seq'::regclass);


--
-- Name: projects id; Type: DEFAULT; Schema: public; Owner: Guest
--

ALTER TABLE ONLY public.projects ALTER COLUMN id SET DEFAULT nextval('public.projects_id_seq'::regclass);


--
-- Data for Name: ar_internal_metadata; Type: TABLE DATA; Schema: public; Owner: Guest
--

COPY public.ar_internal_metadata (key, value, created_at, updated_at) FROM stdin;
environment	development	2019-08-07 20:30:52.751255	2019-08-07 20:30:52.751255
\.


--
-- Data for Name: divisions; Type: TABLE DATA; Schema: public; Owner: Guest
--

COPY public.divisions (id, name, created_at, updated_at) FROM stdin;
2	Construction	2019-08-07 23:31:30.782235	2019-08-07 23:31:30.782235
3	Retail	2019-08-07 23:31:30.830684	2019-08-07 23:31:30.830684
4	Advertising	2019-08-07 23:31:30.846257	2019-08-07 23:31:30.846257
5	Manufacturing	2019-08-07 23:31:30.861054	2019-08-07 23:31:30.861054
6	Sales	2019-08-07 23:31:30.877147	2019-08-07 23:31:30.877147
7	Banking	2019-08-07 23:31:30.901808	2019-08-07 23:31:30.901808
8	Administration	2019-08-07 23:31:30.916903	2019-08-07 23:31:30.916903
9	Marketing	2019-08-07 23:31:30.931236	2019-08-07 23:31:30.931236
10	Design	2019-08-07 23:31:30.94733	2019-08-07 23:31:30.94733
11	Accounting	2019-08-07 23:31:30.962704	2019-08-07 23:31:30.962704
\.


--
-- Data for Name: employee_projects; Type: TABLE DATA; Schema: public; Owner: Guest
--

COPY public.employee_projects (id, employee_id, project_id, created_at, updated_at) FROM stdin;
1	1	8	2019-08-07 23:31:31.019451	2019-08-07 23:31:31.019451
2	1	1	2019-08-07 23:31:31.03563	2019-08-07 23:31:31.03563
3	1	10	2019-08-07 23:31:31.038064	2019-08-07 23:31:31.038064
4	1	6	2019-08-07 23:31:31.040252	2019-08-07 23:31:31.040252
5	2	10	2019-08-07 23:31:31.042672	2019-08-07 23:31:31.042672
6	2	1	2019-08-07 23:31:31.044592	2019-08-07 23:31:31.044592
7	2	2	2019-08-07 23:31:31.046711	2019-08-07 23:31:31.046711
8	3	8	2019-08-07 23:31:31.049158	2019-08-07 23:31:31.049158
9	3	7	2019-08-07 23:31:31.052599	2019-08-07 23:31:31.052599
10	3	3	2019-08-07 23:31:31.054941	2019-08-07 23:31:31.054941
11	4	9	2019-08-07 23:31:31.057476	2019-08-07 23:31:31.057476
12	5	6	2019-08-07 23:31:31.060062	2019-08-07 23:31:31.060062
13	5	9	2019-08-07 23:31:31.062191	2019-08-07 23:31:31.062191
14	6	4	2019-08-07 23:31:31.064602	2019-08-07 23:31:31.064602
15	7	1	2019-08-07 23:31:31.067124	2019-08-07 23:31:31.067124
16	8	9	2019-08-07 23:31:31.069606	2019-08-07 23:31:31.069606
17	9	4	2019-08-07 23:31:31.071891	2019-08-07 23:31:31.071891
18	9	8	2019-08-07 23:31:31.073888	2019-08-07 23:31:31.073888
19	9	1	2019-08-07 23:31:31.075776	2019-08-07 23:31:31.075776
20	9	6	2019-08-07 23:31:31.077948	2019-08-07 23:31:31.077948
21	10	10	2019-08-07 23:31:31.080409	2019-08-07 23:31:31.080409
22	10	7	2019-08-07 23:31:31.082941	2019-08-07 23:31:31.082941
23	10	5	2019-08-07 23:31:31.085148	2019-08-07 23:31:31.085148
24	10	2	2019-08-07 23:31:31.087273	2019-08-07 23:31:31.087273
25	11	2	2019-08-07 23:31:31.089728	2019-08-07 23:31:31.089728
26	11	3	2019-08-07 23:31:31.091879	2019-08-07 23:31:31.091879
27	12	5	2019-08-07 23:31:31.094233	2019-08-07 23:31:31.094233
28	12	9	2019-08-07 23:31:31.096292	2019-08-07 23:31:31.096292
29	12	1	2019-08-07 23:31:31.098344	2019-08-07 23:31:31.098344
30	13	7	2019-08-07 23:31:31.10076	2019-08-07 23:31:31.10076
31	13	6	2019-08-07 23:31:31.102871	2019-08-07 23:31:31.102871
32	14	5	2019-08-07 23:31:31.1052	2019-08-07 23:31:31.1052
33	14	7	2019-08-07 23:31:31.10723	2019-08-07 23:31:31.10723
34	15	5	2019-08-07 23:31:31.109659	2019-08-07 23:31:31.109659
35	15	9	2019-08-07 23:31:31.111814	2019-08-07 23:31:31.111814
36	16	10	2019-08-07 23:31:31.114209	2019-08-07 23:31:31.114209
37	16	9	2019-08-07 23:31:31.116254	2019-08-07 23:31:31.116254
38	17	6	2019-08-07 23:31:31.119501	2019-08-07 23:31:31.119501
39	17	2	2019-08-07 23:31:31.122039	2019-08-07 23:31:31.122039
40	18	6	2019-08-07 23:31:31.124426	2019-08-07 23:31:31.124426
41	19	4	2019-08-07 23:31:31.126778	2019-08-07 23:31:31.126778
42	19	1	2019-08-07 23:31:31.128772	2019-08-07 23:31:31.128772
43	19	9	2019-08-07 23:31:31.130691	2019-08-07 23:31:31.130691
44	20	5	2019-08-07 23:31:31.133237	2019-08-07 23:31:31.133237
45	20	10	2019-08-07 23:31:31.135542	2019-08-07 23:31:31.135542
46	20	7	2019-08-07 23:31:31.13767	2019-08-07 23:31:31.13767
47	20	3	2019-08-07 23:31:31.139846	2019-08-07 23:31:31.139846
48	21	10	2019-08-07 23:31:31.142818	2019-08-07 23:31:31.142818
49	21	5	2019-08-07 23:31:31.145223	2019-08-07 23:31:31.145223
50	21	4	2019-08-07 23:31:31.147342	2019-08-07 23:31:31.147342
51	21	9	2019-08-07 23:31:31.149487	2019-08-07 23:31:31.149487
52	22	6	2019-08-07 23:31:31.15242	2019-08-07 23:31:31.15242
53	22	4	2019-08-07 23:31:31.154717	2019-08-07 23:31:31.154717
54	22	3	2019-08-07 23:31:31.156833	2019-08-07 23:31:31.156833
55	23	5	2019-08-07 23:31:31.159419	2019-08-07 23:31:31.159419
56	23	7	2019-08-07 23:31:31.161544	2019-08-07 23:31:31.161544
57	23	1	2019-08-07 23:31:31.163673	2019-08-07 23:31:31.163673
58	23	4	2019-08-07 23:31:31.165914	2019-08-07 23:31:31.165914
59	24	5	2019-08-07 23:31:31.168745	2019-08-07 23:31:31.168745
60	24	7	2019-08-07 23:31:31.170839	2019-08-07 23:31:31.170839
61	24	6	2019-08-07 23:31:31.173086	2019-08-07 23:31:31.173086
62	25	2	2019-08-07 23:31:31.17581	2019-08-07 23:31:31.17581
63	26	3	2019-08-07 23:31:31.178273	2019-08-07 23:31:31.178273
64	26	1	2019-08-07 23:31:31.180461	2019-08-07 23:31:31.180461
65	26	7	2019-08-07 23:31:31.182536	2019-08-07 23:31:31.182536
66	26	2	2019-08-07 23:31:31.184779	2019-08-07 23:31:31.184779
67	27	7	2019-08-07 23:31:31.18721	2019-08-07 23:31:31.18721
68	27	6	2019-08-07 23:31:31.189255	2019-08-07 23:31:31.189255
69	27	3	2019-08-07 23:31:31.19134	2019-08-07 23:31:31.19134
70	28	9	2019-08-07 23:31:31.193836	2019-08-07 23:31:31.193836
71	29	6	2019-08-07 23:31:31.196251	2019-08-07 23:31:31.196251
72	29	4	2019-08-07 23:31:31.198349	2019-08-07 23:31:31.198349
73	29	9	2019-08-07 23:31:31.200357	2019-08-07 23:31:31.200357
74	30	5	2019-08-07 23:31:31.202796	2019-08-07 23:31:31.202796
75	30	7	2019-08-07 23:31:31.204773	2019-08-07 23:31:31.204773
76	30	6	2019-08-07 23:31:31.20686	2019-08-07 23:31:31.20686
77	31	5	2019-08-07 23:31:31.209123	2019-08-07 23:31:31.209123
78	31	4	2019-08-07 23:31:31.211249	2019-08-07 23:31:31.211249
79	32	10	2019-08-07 23:31:31.213614	2019-08-07 23:31:31.213614
80	32	2	2019-08-07 23:31:31.215637	2019-08-07 23:31:31.215637
81	33	3	2019-08-07 23:31:31.218171	2019-08-07 23:31:31.218171
82	33	2	2019-08-07 23:31:31.220547	2019-08-07 23:31:31.220547
83	34	6	2019-08-07 23:31:31.222951	2019-08-07 23:31:31.222951
84	34	3	2019-08-07 23:31:31.224997	2019-08-07 23:31:31.224997
85	35	2	2019-08-07 23:31:31.227431	2019-08-07 23:31:31.227431
86	35	1	2019-08-07 23:31:31.229544	2019-08-07 23:31:31.229544
87	35	7	2019-08-07 23:31:31.231571	2019-08-07 23:31:31.231571
88	35	8	2019-08-07 23:31:31.233687	2019-08-07 23:31:31.233687
89	36	8	2019-08-07 23:31:31.237179	2019-08-07 23:31:31.237179
90	37	7	2019-08-07 23:31:31.239771	2019-08-07 23:31:31.239771
91	37	3	2019-08-07 23:31:31.241913	2019-08-07 23:31:31.241913
92	38	1	2019-08-07 23:31:31.244349	2019-08-07 23:31:31.244349
93	38	2	2019-08-07 23:31:31.246373	2019-08-07 23:31:31.246373
94	38	4	2019-08-07 23:31:31.2484	2019-08-07 23:31:31.2484
95	38	7	2019-08-07 23:31:31.250355	2019-08-07 23:31:31.250355
96	39	6	2019-08-07 23:31:31.252967	2019-08-07 23:31:31.252967
97	40	8	2019-08-07 23:31:31.255409	2019-08-07 23:31:31.255409
98	40	5	2019-08-07 23:31:31.257565	2019-08-07 23:31:31.257565
99	40	7	2019-08-07 23:31:31.25965	2019-08-07 23:31:31.25965
100	41	9	2019-08-07 23:31:31.262034	2019-08-07 23:31:31.262034
101	41	1	2019-08-07 23:31:31.264252	2019-08-07 23:31:31.264252
102	41	10	2019-08-07 23:31:31.266884	2019-08-07 23:31:31.266884
103	41	2	2019-08-07 23:31:31.26927	2019-08-07 23:31:31.26927
104	42	9	2019-08-07 23:31:31.271811	2019-08-07 23:31:31.271811
105	43	5	2019-08-07 23:31:31.274199	2019-08-07 23:31:31.274199
106	43	2	2019-08-07 23:31:31.276335	2019-08-07 23:31:31.276335
107	43	9	2019-08-07 23:31:31.278324	2019-08-07 23:31:31.278324
108	44	5	2019-08-07 23:31:31.280658	2019-08-07 23:31:31.280658
109	44	8	2019-08-07 23:31:31.282684	2019-08-07 23:31:31.282684
110	44	6	2019-08-07 23:31:31.28483	2019-08-07 23:31:31.28483
111	45	7	2019-08-07 23:31:31.287386	2019-08-07 23:31:31.287386
112	46	3	2019-08-07 23:31:31.289817	2019-08-07 23:31:31.289817
113	46	1	2019-08-07 23:31:31.291833	2019-08-07 23:31:31.291833
114	47	5	2019-08-07 23:31:31.294186	2019-08-07 23:31:31.294186
115	47	8	2019-08-07 23:31:31.296239	2019-08-07 23:31:31.296239
116	47	6	2019-08-07 23:31:31.298271	2019-08-07 23:31:31.298271
117	47	1	2019-08-07 23:31:31.30033	2019-08-07 23:31:31.30033
118	48	3	2019-08-07 23:31:31.303741	2019-08-07 23:31:31.303741
119	48	5	2019-08-07 23:31:31.306034	2019-08-07 23:31:31.306034
120	48	6	2019-08-07 23:31:31.308175	2019-08-07 23:31:31.308175
121	48	4	2019-08-07 23:31:31.310333	2019-08-07 23:31:31.310333
122	49	1	2019-08-07 23:31:31.31301	2019-08-07 23:31:31.31301
123	49	5	2019-08-07 23:31:31.315093	2019-08-07 23:31:31.315093
124	49	10	2019-08-07 23:31:31.317338	2019-08-07 23:31:31.317338
125	49	9	2019-08-07 23:31:31.319461	2019-08-07 23:31:31.319461
126	50	1	2019-08-07 23:31:31.321914	2019-08-07 23:31:31.321914
127	50	7	2019-08-07 23:31:31.323994	2019-08-07 23:31:31.323994
128	50	2	2019-08-07 23:31:31.326386	2019-08-07 23:31:31.326386
129	50	9	2019-08-07 23:31:31.328691	2019-08-07 23:31:31.328691
\.


--
-- Data for Name: employees; Type: TABLE DATA; Schema: public; Owner: Guest
--

COPY public.employees (id, name, division_id, created_at, updated_at) FROM stdin;
1	Junie Goyette	2	2019-08-07 23:31:30.798846	2019-08-07 23:31:30.798846
2	Nedra Ortiz	2	2019-08-07 23:31:30.820149	2019-08-07 23:31:30.820149
3	Shoshana Feest	2	2019-08-07 23:31:30.823128	2019-08-07 23:31:30.823128
4	Candance Doyle IV	2	2019-08-07 23:31:30.826042	2019-08-07 23:31:30.826042
5	Merlene Wyman	2	2019-08-07 23:31:30.828777	2019-08-07 23:31:30.828777
6	Jeffrey Pollich	3	2019-08-07 23:31:30.833313	2019-08-07 23:31:30.833313
7	Kandace Tromp	3	2019-08-07 23:31:30.836206	2019-08-07 23:31:30.836206
8	Nadine Lind	3	2019-08-07 23:31:30.839173	2019-08-07 23:31:30.839173
9	Rosalia Pollich	3	2019-08-07 23:31:30.841887	2019-08-07 23:31:30.841887
10	Marx Skiles	3	2019-08-07 23:31:30.844436	2019-08-07 23:31:30.844436
11	Evette Pagac	4	2019-08-07 23:31:30.848699	2019-08-07 23:31:30.848699
12	Rodolfo Leffler	4	2019-08-07 23:31:30.8517	2019-08-07 23:31:30.8517
13	Austin Kozey	4	2019-08-07 23:31:30.854474	2019-08-07 23:31:30.854474
14	Leonida Reichel	4	2019-08-07 23:31:30.856953	2019-08-07 23:31:30.856953
15	Lady Morar DVM	4	2019-08-07 23:31:30.859356	2019-08-07 23:31:30.859356
16	Napoleon Armstrong Jr.	5	2019-08-07 23:31:30.863607	2019-08-07 23:31:30.863607
17	Joellen Greenholt	5	2019-08-07 23:31:30.866117	2019-08-07 23:31:30.866117
18	Starr Leannon	5	2019-08-07 23:31:30.869592	2019-08-07 23:31:30.869592
19	Arnulfo Kassulke	5	2019-08-07 23:31:30.872522	2019-08-07 23:31:30.872522
20	Mrs. Paulita Rolfson	5	2019-08-07 23:31:30.875222	2019-08-07 23:31:30.875222
21	Ms. Cordelia Emard	6	2019-08-07 23:31:30.879717	2019-08-07 23:31:30.879717
22	Dr. Ivory Hettinger	6	2019-08-07 23:31:30.882626	2019-08-07 23:31:30.882626
23	Dr. Demarcus Parker	6	2019-08-07 23:31:30.893621	2019-08-07 23:31:30.893621
24	Fidelia Schroeder	6	2019-08-07 23:31:30.896434	2019-08-07 23:31:30.896434
25	Latoya Hettinger DVM	6	2019-08-07 23:31:30.899704	2019-08-07 23:31:30.899704
26	Ji Wiegand	7	2019-08-07 23:31:30.904628	2019-08-07 23:31:30.904628
27	Carmelita Wintheiser	7	2019-08-07 23:31:30.907381	2019-08-07 23:31:30.907381
28	Casandra O'Kon	7	2019-08-07 23:31:30.910076	2019-08-07 23:31:30.910076
29	Mrs. Karl Kessler	7	2019-08-07 23:31:30.912641	2019-08-07 23:31:30.912641
30	Mr. Yuki Wehner	7	2019-08-07 23:31:30.915177	2019-08-07 23:31:30.915177
31	Travis Lind	8	2019-08-07 23:31:30.919541	2019-08-07 23:31:30.919541
32	Suzann Dach	8	2019-08-07 23:31:30.922132	2019-08-07 23:31:30.922132
33	Rodger Bergnaum	8	2019-08-07 23:31:30.924497	2019-08-07 23:31:30.924497
34	Garland Toy Sr.	8	2019-08-07 23:31:30.926956	2019-08-07 23:31:30.926956
35	Malcom Funk	8	2019-08-07 23:31:30.929436	2019-08-07 23:31:30.929436
36	Seymour Rippin	9	2019-08-07 23:31:30.934412	2019-08-07 23:31:30.934412
37	Latosha Reichert	9	2019-08-07 23:31:30.937632	2019-08-07 23:31:30.937632
38	Jermaine Berge	9	2019-08-07 23:31:30.940307	2019-08-07 23:31:30.940307
39	Mr. Edwardo Bosco	9	2019-08-07 23:31:30.943041	2019-08-07 23:31:30.943041
40	Tracy Cole	9	2019-08-07 23:31:30.945546	2019-08-07 23:31:30.945546
41	Lenard Lubowitz	10	2019-08-07 23:31:30.949834	2019-08-07 23:31:30.949834
42	Dion Collins	10	2019-08-07 23:31:30.952536	2019-08-07 23:31:30.952536
43	Larraine Hills	10	2019-08-07 23:31:30.95509	2019-08-07 23:31:30.95509
44	Paul O'Reilly	10	2019-08-07 23:31:30.957682	2019-08-07 23:31:30.957682
45	Hans Hand	10	2019-08-07 23:31:30.960537	2019-08-07 23:31:30.960537
46	Skye Hand V	11	2019-08-07 23:31:30.965298	2019-08-07 23:31:30.965298
47	Hank Cremin	11	2019-08-07 23:31:30.968347	2019-08-07 23:31:30.968347
48	Mr. Orville Powlowski	11	2019-08-07 23:31:30.971077	2019-08-07 23:31:30.971077
49	Alonzo Russel	11	2019-08-07 23:31:30.973652	2019-08-07 23:31:30.973652
50	Jeniffer Rodriguez	11	2019-08-07 23:31:30.976228	2019-08-07 23:31:30.976228
\.


--
-- Data for Name: projects; Type: TABLE DATA; Schema: public; Owner: Guest
--

COPY public.projects (id, name, created_at, updated_at) FROM stdin;
1	Leadership	2019-08-07 23:31:30.982707	2019-08-07 23:31:30.982707
2	Problem solving	2019-08-07 23:31:30.984736	2019-08-07 23:31:30.984736
3	Proactive	2019-08-07 23:31:30.986487	2019-08-07 23:31:30.986487
4	Fast learner	2019-08-07 23:31:30.988177	2019-08-07 23:31:30.988177
5	Organisation	2019-08-07 23:31:30.989883	2019-08-07 23:31:30.989883
6	Self-motivated	2019-08-07 23:31:30.991627	2019-08-07 23:31:30.991627
7	Networking skills	2019-08-07 23:31:30.993225	2019-08-07 23:31:30.993225
8	Work under pressure	2019-08-07 23:31:30.994699	2019-08-07 23:31:30.994699
9	Confidence	2019-08-07 23:31:30.996237	2019-08-07 23:31:30.996237
10	Communication	2019-08-07 23:31:30.997721	2019-08-07 23:31:30.997721
\.


--
-- Data for Name: schema_migrations; Type: TABLE DATA; Schema: public; Owner: Guest
--

COPY public.schema_migrations (version) FROM stdin;
20190807202717
20190807203420
20190807205113
20190807205939
20190807211110
\.


--
-- Name: divisions_id_seq; Type: SEQUENCE SET; Schema: public; Owner: Guest
--

SELECT pg_catalog.setval('public.divisions_id_seq', 11, true);


--
-- Name: employee_projects_id_seq; Type: SEQUENCE SET; Schema: public; Owner: Guest
--

SELECT pg_catalog.setval('public.employee_projects_id_seq', 129, true);


--
-- Name: employees_id_seq; Type: SEQUENCE SET; Schema: public; Owner: Guest
--

SELECT pg_catalog.setval('public.employees_id_seq', 50, true);


--
-- Name: projects_id_seq; Type: SEQUENCE SET; Schema: public; Owner: Guest
--

SELECT pg_catalog.setval('public.projects_id_seq', 10, true);


--
-- Name: ar_internal_metadata ar_internal_metadata_pkey; Type: CONSTRAINT; Schema: public; Owner: Guest
--

ALTER TABLE ONLY public.ar_internal_metadata
    ADD CONSTRAINT ar_internal_metadata_pkey PRIMARY KEY (key);


--
-- Name: divisions divisions_pkey; Type: CONSTRAINT; Schema: public; Owner: Guest
--

ALTER TABLE ONLY public.divisions
    ADD CONSTRAINT divisions_pkey PRIMARY KEY (id);


--
-- Name: employee_projects employee_projects_pkey; Type: CONSTRAINT; Schema: public; Owner: Guest
--

ALTER TABLE ONLY public.employee_projects
    ADD CONSTRAINT employee_projects_pkey PRIMARY KEY (id);


--
-- Name: employees employees_pkey; Type: CONSTRAINT; Schema: public; Owner: Guest
--

ALTER TABLE ONLY public.employees
    ADD CONSTRAINT employees_pkey PRIMARY KEY (id);


--
-- Name: projects projects_pkey; Type: CONSTRAINT; Schema: public; Owner: Guest
--

ALTER TABLE ONLY public.projects
    ADD CONSTRAINT projects_pkey PRIMARY KEY (id);


--
-- Name: schema_migrations schema_migrations_pkey; Type: CONSTRAINT; Schema: public; Owner: Guest
--

ALTER TABLE ONLY public.schema_migrations
    ADD CONSTRAINT schema_migrations_pkey PRIMARY KEY (version);


--
-- Name: index_employee_projects_on_employee_id; Type: INDEX; Schema: public; Owner: Guest
--

CREATE INDEX index_employee_projects_on_employee_id ON public.employee_projects USING btree (employee_id);


--
-- Name: index_employee_projects_on_project_id; Type: INDEX; Schema: public; Owner: Guest
--

CREATE INDEX index_employee_projects_on_project_id ON public.employee_projects USING btree (project_id);


--
-- Name: employees fk_rails_550e0790c5; Type: FK CONSTRAINT; Schema: public; Owner: Guest
--

ALTER TABLE ONLY public.employees
    ADD CONSTRAINT fk_rails_550e0790c5 FOREIGN KEY (division_id) REFERENCES public.divisions(id);


--
-- PostgreSQL database dump complete
--

